{
    "sessionid":"D8A4CC1D-C086-49DF-9C51-12E831B88A38",
    "sessionip":"167.235.0.254",
    "match_type":"Echo_Combat_Private",
    "map_name":"mpl_combat_dyson",
    
    "tournament_match":false,
    "private_match":true,

    "blue_round_score":0,
    "orange_round_score":0,
    
    "total_round_count":0,

    "contested":false,
    
    "orange_points":0.0,
    "blue_points":0.0,

    "right_shoulder_pressed":0.0,
    "right_shoulder_pressed2":0.0,

    "left_shoulder_pressed":0.0,
    "left_shoulder_pressed2":0.0,

    "client_name":"Furo",
    "err_code":0,


    "teams":
    [
        {
            "team":"BLUE TEAM",

            "players":
            [
                {
                    "name":"Furo",
                    "playerid":0,
                    "userid":14712,

                    "is_emote_playing":false,
                    "number":0,
                    
                    "level":1,

                    "ping":40,
                    "packetlossratio":0.0,
                    
                    "Weapon":"assault",
                    "TacMod":"heal",
                    "Ordnance":"det",

                    "Arm":"Right",

                    "velocity":[0.0,0.0,0.0],
                    
                    "head":
                    {
                        "position":[201.05,-9.9570007,-199.05602],
                        "forward":[-0.78100002,-0.061000004,-0.62200004],
                        "left":[-0.62400001,0.027000001,0.78100002],
                        "up":[-0.031000001,0.99800003,-0.059000004]
                    },

                    "body":
                    {
                        "position":[201.05,-9.9570007,-199.05602],
                        "forward":[-0.82400006,0.0,-0.56600004],
                        "left":[-0.56600004,0.0,0.82400006],
                        "up":[0.0,1.0,0.0]
                    },

                    "rhand":{
                        "pos":[200.744,-10.028001,-199.09601],
                        "forward":[-0.99600005,0.0,-0.087000005],
                        "left":[-0.087000005,0.0,0.99600005],
                        "up":[0.0,1.0,0.0]
                    },

                    "lhand":
                    {
                        "pos":[200.744,-10.028001,-199.09601],
                        "forward":[-0.99600005,0.0,-0.087000005],
                        "left":[-0.087000005,0.0,0.99600005],
                        "up":[0.0,1.0,0.0]
                    }
                }
            ]
            
        },

        {
            "team":"ORANGE TEAM"
        },

        {
            "team":"SPECTATORS"
        }
    ],


    "player":
    {
        "vr_left":
        [
            0.93800002,
            -0.046000004,
            -0.34300002
        ],
        "vr_position":
        [   
            0.048,
            0.020000001,
            -0.066
        ],
        "vr_forward":
        [
            0.34500003,
            0.043000001,
            0.93800002
        ],
        "vr_up":
        [
            0.028000001,
            0.99800003,
            -0.057000004
        ]
    },

    "last_throw":
    {
        "arm_speed":0.0,
        "total_speed":0.0,
        "off_axis_spin_deg":0.0,
        "wrist_throw_penalty":0.0,
        "rot_per_sec":0.0,
        "pot_speed_from_rot":0.0,
        "speed_from_arm":0.0,
        "speed_from_movement":0.0,
        "speed_from_wrist":0.0,
        "wrist_align_to_throw_deg":0.0,
        "throw_align_to_movement_deg":0.0,
        "off_axis_penalty":0.0,
        "throw_move_penalty":0.0
    },

    "pause":
    {
        "paused_state":"none",
        "unpaused_team":"none",
        "paused_requested_team":"none",
        "unpaused_timer":0.0,
        "paused_timer":0.0
    }
}